-- phpMyAdmin SQL Dump
-- version 4.6.5.2
-- https://www.phpmyadmin.net/
--
-- Хост: localhost
-- Время создания: Июн 13 2017 г., 03:25
-- Версия сервера: 10.1.21-MariaDB
-- Версия PHP: 7.1.1

SET SQL_MODE = "NO_AUTO_VALUE_ON_ZERO";
SET time_zone = "+00:00";


/*!40101 SET @OLD_CHARACTER_SET_CLIENT=@@CHARACTER_SET_CLIENT */;
/*!40101 SET @OLD_CHARACTER_SET_RESULTS=@@CHARACTER_SET_RESULTS */;
/*!40101 SET @OLD_COLLATION_CONNECTION=@@COLLATION_CONNECTION */;
/*!40101 SET NAMES utf8mb4 */;

--
-- База данных: `test_books`
--

-- --------------------------------------------------------

--
-- Структура таблицы `books`
--

CREATE TABLE `books` (
  `id` int(10) UNSIGNED NOT NULL,
  `title` varchar(255) CHARACTER SET utf8 COLLATE utf8_unicode_ci NOT NULL,
  `author` varchar(255) CHARACTER SET utf8 COLLATE utf8_unicode_ci NOT NULL,
  `language` varchar(2) CHARACTER SET utf8 COLLATE utf8_unicode_ci NOT NULL DEFAULT 'en'
) ENGINE=InnoDB DEFAULT CHARSET=latin1;

--
-- Дамп данных таблицы `books`
--

INSERT INTO `books` (`id`, `title`, `author`, `language`) VALUES
(1, 'Повелитель цыганских богов', 'Агапова Ирина Анатольевна', 'ru'),
(2, 'Lord of the Gypsy Gods', 'Agapova Irina Anatolievna', 'en'),
(3, 'Бегство Ромула', 'Андрей Дмитрук', 'ru');

-- --------------------------------------------------------

--
-- Структура таблицы `chapter`
--

CREATE TABLE `chapter` (
  `id` int(10) UNSIGNED NOT NULL,
  `book` int(10) UNSIGNED NOT NULL,
  `name` varchar(255) CHARACTER SET utf8 COLLATE utf8_unicode_ci NOT NULL,
  `order_index` int(10) NOT NULL
) ENGINE=InnoDB DEFAULT CHARSET=latin1;

--
-- Дамп данных таблицы `chapter`
--

INSERT INTO `chapter` (`id`, `book`, `name`, `order_index`) VALUES
(1, 1, 'Глава 1. Народ магов', 1),
(2, 1, 'Глава 2. Алтарь', 2),
(3, 1, 'Глава 3. Сновидения', 3),
(4, 2, 'Chapter 1. The people of magicians', 1),
(5, 2, 'Chapter 2. The Altar', 2),
(6, 2, 'Chapter 3. Dreaming', 3),
(7, 3, 'Глава 1', 1),
(8, 3, 'Глава 2', 2),
(9, 3, 'Глава 3', 3);

-- --------------------------------------------------------

--
-- Структура таблицы `pages`
--

CREATE TABLE `pages` (
  `id` int(10) UNSIGNED NOT NULL,
  `chapter` int(10) UNSIGNED NOT NULL,
  `data` text CHARACTER SET utf8 COLLATE utf8_unicode_ci NOT NULL,
  `prev_page` int(10) UNSIGNED DEFAULT NULL,
  `next_page` int(10) UNSIGNED DEFAULT NULL,
  `number` int(10) NOT NULL
) ENGINE=InnoDB DEFAULT CHARSET=latin1;

--
-- Дамп данных таблицы `pages`
--

INSERT INTO `pages` (`id`, `chapter`, `data`, `prev_page`, `next_page`, `number`) VALUES
(1, 1, '<b>Октябрь - самая настоящая золотая пора.</b>\n   Почему? - спросите вы.\n   Есть несколько причин, почему я так сказала. Во-первых, потому что листва на деревьях уже стала рыжей и желтой, в то время как трава на земле еще зеленая. Во-вторых, из-за того, что в начало учебного годы мы - школьники - вползаем лениво, а воспоминания о летнем отдыхе держатся в голове, как блеск золота в глазах старателей прииска. В-третьих, потому что с нетерпением в последний день этого месяца мы ждем прихода заграничного, но на сто процентов молодежного, праздника под названием \"Хэллоуин\". И в-четвертых, у меня появился новый интересный приятель по имени Сашка.\n   Это-то, пожалуй, поглавней всего прочего! У меня много друзей, ведь я очень общительная девчонка. Но Сашка отличается от них, он - цыганенок. Мы познакомились на одной из октябрьских дискотек. Сейчас мы с ним сидим в гостях у нашего знакомого - дедушки Анзора.\n   Дед Анзор, наверное, самый старый цыган поселка, что находится на окраине нашего города. И все у него в доме непростое, а словно заколдованное, с выдумкой.\n   Например, когда его слуги-невидимки накрывают на стол, кажется, что чайные чашки и банки с вареньем живые.\n   Под потолком его дома висят связки различных трав, кореньев и ягод. И чего здесь только нет! Пучки зверобоя, корешки валерианы, связанные суровыми нитками, грозди калины, красной-красной.\n   А еще у деда Анзора есть волшебная курительная трубка. Стоит деду только ее закурить, как начинает звучать печальная музыка, а в углу комнаты сам собой разгорается небольшой очаг.\n  -- Что это за музыка? - Спросила как-то я у деда.\n  -- Это, Диана, сердце мое поет, - сказал дед Анзор, хитро прищурившись.\n   Дедушка Анзор разжал пустую ладонь, и из нее на стол выкатились три пряника, покрытых разноцветной глазурью, словно только что с ярмарки.\n   В общем, как вы понимаете, с дедушкой Анзором никогда не было скучно. Он интересно рассказывает о цыганских приметах на удачу и на хорошую погоду. Все это, конечно, сказки, но слушать их просто удовольствие.\n  -- Диана, - спросил у меня дед, - а почему твоя подружка с вами не пришла?\n  -- Эта Латона-то? - Ответила я, - ей страшно некогда. Она листает журналы мод, хочет смастерить новую прическу.\n  -- А Валентин - твой родной брат? - Снова осведомился дед.\n  -- Он мне не родной, а двоюродный, - поправила я, - Валька...\n   Я запнулась. Дело в том, что Валька только один раз вместе с нами был в гостях у деда Анзора. И дед ему сразу не понравился. Бывает такое: к некоторым людям ни с того, ни с сего возникает антипатия. Но я уверена, что это у Вальки пройдет. Ведь Валентин - хороший парень, все понимает и умеет отличить добро от зла. Но не могла же я сказать это дедушке Анзору! Он так добр к нам, как бы его не обидеть.\n   Но дед Анзор, казалось, понял меня без слов.\n  -- Ясно, - кивнул он головой, словно я дала ему полный ответ, и весело добавил, - брат боится, что красавицу-сестру утащат злые цыгане.\n   Мы с Сашкой засмеялись.\n  -- Много напраслины до сих пор наводят на цыган, - задумчиво произнес дед, раскуривая трубку, - Только все плохое, что сказано о нас, это ложь, девочка.\n   Уже стемнело. И нам было пора уходить.\n  -- Идем, Кармен, - сказала я Сашке.\n   Он послушно встал из-за стола.', NULL, 2, 1),
(2, 1, '<i>Он охотно откликался на прозвище Кармен. Так прозвала его моя подруга и одноклассница Латона. Латона любила давать безобидные прозвища всем нашим приятелям- мальчикам. Она, конечно, знала о том, что Кармен - красавица-цыганка из оперы французского композитора, но почему-то наградила этим прозвищем Сашку.\n   \"У него длинные ресницы, как у девочки,</i> - язвительно объяснила Латона свое решение, - вот за это он и будет Кармен\". Однако, прозвище это так всем понравилось, что прочно закрепилось за Сашкой. И его чаще звали именно так, чем по имени. В этой книге и я его буду так называть, так что привыкайте!\n   Я помахала рукой домовым-невидимкам. Я знала, что те машут мне в ответ. И я даже услышала их тихий шепот:\n   - Какая вежливая девочка... А другие считают, что с невидимками не надо ни здороваться, ни прощаться!\n   Мы с Кармен вышли из дома. Дед Анзор провожал нас. Он стоял на пороге и смотрел нам вслед. Было темно, фонари не горели. И, оглядываясь, я видела, как рдела в темноте его трубка, отбрасывая рубиновые тени на его лицо.\n   Через несколько минут цыганский поселок остался позади. И мы пошли по широкой асфальтированной дороге к центру города, где жила я.\n  -- А за поселком начинается лес, - сказал Кармен, - ну и грибов там было в сентябре - полным-полно!\n  -- А дедушка Анзор собирает грибы? - Спросила я.\n  -- Нет, белки сами приносят их ему, - ответил Кармен.\n  -- Он волшебник?\n   Кармен рассмеялся и взял меня за руку.\n  -- Все цыгане волшебники. Мы - единственный в мире народ настоящих магов. Каждый цыган умеет что-то необыкновенное, так что ты ничему не удивляйся. К кому-то, например, деньги сами собой текут рекою, и такого человека зовут у нас самым богатым. К кому-то льнут животные, находя с ним общий язык, и его зовут самым добрым. А возле кого-то все время вертятся красивые девушки, и этого человека завистливо называют самым счастливым.\n  -- А если все это вместе?\n  -- Тогда этот человек самый сильный в таборе. И это никто иной, как Белый колдун, - сказал Кармен.\n   Это еще что такое? Я страшно удивилась, о таком я раньше не слышала ни от деда Анзора, ни от Кармен. Кармен понял мое молчание и принялся объяснять.\n  -- Понимаешь, Диана, - начал он, - в каждом таборе есть свой Белый колдун. Он охраняет табор от злых сил Черных колдунов, лечит людей и скот от болезней, снимает порчу с неудачников. Он - повелитель цыганских богов, таких волшебных всесильных существ. И пока он держит их в своей власти, он самый могущественный колдун табора. Но через какое-то время цыгане избавляются от него.\n  -- Как?\n  -- Его... убивают, - сказал Кармен после небольшой паузы.\n  -- Что? - испуганно воскликнула я.\n  -- Да. Таков обычай, - медленно пояснил Кармен, - иначе нельзя. Потому что Белый колдун через определенный срок своей службы для табора становится Черным. Это значит, что цыганские боги, которыми он научился повелевать, выходят из-под контроля и берут над ним верх. И теперь они будут заставлять его приносить табору вред.\n  -- А в вашем таборе есть Белый колдун?\n  -- Сейчас нет, - пожал плечами Кармен, - старый пропал много лет назад. А кто им был, и куда он делся, почему-то никто не помнит. Как будто у всех провал в памяти. А новый Белый колдун должен определиться в ближайшее полнолуние.\n  -- А как же вы столько лет прожили без колдуна? Может и дальше можно без него?\n  -- Нет, без него трудно. Люди ссорятся, и никто их не может помирить. Мы ждали этого полнолуния много лет, чтобы определился новый Белый колдун, - и Кармен добавил как бы между прочим, - так уж сложилась наша судьба.\n   Кармен смотрел на меня, как-то странно улыбаясь, а потом вдруг обнял за плечи и поцеловал. Губы его были теплыми и влажными, и я почувствовала запах лесных трав. У меня закружилась голова, и глаза закрылись сами собой.\n   \"Я сделалась легкой-легкой и сейчас улечу\", - подумала я. Но через минуту я пришла в себя и оттолкнула его от себя.\n  -- Дурак, - сказала я обиженно, - ты что?\n  -- Цыганки твоих лет - уже как взрослые, а ты все еще ребенок, - сказал Кармен серьезно, - ты мне давно нравишься. И это - твой первый поцелуй.\n   Я сделала шаг к нему, схватила его левой рукой за локоть, а правой за воротник куртки и ловко провела бросок через бедро. Думаю, мой тренер по рукопашному бою дал бы за этот бросок высокую оценку, тем более, что Кармен был на несколько килограммов тяжелее меня.\n  -- Это тебе мой ответ, - сказала я, отпуская его, - чтобы знал на будущее!\n   Кармен растерянно поднялся с земли и отряхнул брюки. Он негромко рассмеялся, но смех его звучал невесело. И я поняла, что он обиделся.\n  -- Что - знал? - Тихо спросил он.\n  -- Знал, что я сильнее, - ответила запальчиво.\n  -- Это тебе только так кажется, - мягко сказал он.', 1, 3, 2),
(3, 1, 'Кармен, не отрываясь, смотрел мне в глаза. Я почувствовала, как он прикоснулся к моей левой руке. Я поймала себя на том, что сейчас мне хочется слушаться его и выполнять все его просьбы. Совсем недавно я собиралась идти домой, но теперь я готова была следовать за ним хоть на край света. Что же это со мной творится? Это объяснить мог только Кармен.\n   Через минуту волшебный дурман рассеялся.\n   - Кармен, - спросила я немного испуганно, - что это такое было? Как ты это делаешь?\n   - Проще простого, - сказал он негромко и насмешливо, - примитивная техника цыганского гипноза. Так что ты не очень-то воображай, и больше не говори, что сильнее меня.', 2, 4, 3),
(4, 2, 'Мы собрались идти в лес, который простилался на многие километры сразу за цыганским поселком. Сегодня со мной были мои давние приятели - братишка Валентин и подруга Латона. Надо сказать, что два этих самых дорогих мне человека постоянно конфликтовали друг с другом.\n  -- А как, девчонки, у вас с математикой? - Спросил Валька.\n  -- Нормально, - ответила Латона.\n  -- А вот отгадайте, что будет, если сложить свинью и костер?\n  -- Ничего не будет! - отозвалась Латона, - и эти свиньи с кострами - не математика!\n  -- Будет шашлык! - Сказал Валя самодовольно.\n   Мой брат был мастером на прикольные загадки.\n  -- Сам ты свиная говядина, - ехидно сказала ему Латона.\n  -- А ты - растрепа! Посмотри, что у тебя на голове! - Весело прокричал ей Валя.\n   Латона была с новой прической, состряпанной по предложенной в журнале мод технологии. Ее кудри топорщились на макушке, а сзади они были забраны шпильками. Не успели мы дойти до леса, как прическа стала понемногу сползать на один бок, а вскоре Латоне и вовсе пришлось вынуть все шпильки и идти с обычной лохматой головой. Вальку это очень развеселило.\n  -- Кудрявая, как будто всю ночь в корзинке спала! - Дразнил он Латону.\n  -- Просто у меня мечта есть романтическая, а ты только и умеешь, что в своей спортсекции драться, - важно сообщила нам Латона.\n   Она извечно надоедала нам своими фантазиями о том, чтобы быть похожей на каких-нибудь знаменитых красавиц.\n  -- Я хочу быть похожей на супер-модель Клавдию Шиффер, - сказала Латона.\n   Она остановилась, забралась на невысокий пенек, широко улыбнулась, поставила правую руку на пояс, а левой отбросила за плечи свои светлые кудряшки и замерла неподвижно.', 3, 5, 4),
(5, 2, '-- Ну и физиономия, - захохотал Валя, - отомри, Клава, у нас нет фотоаппарата, чтобы тебя сфотографировать!\n  -- Чем тебе не нравится мое модельное лицо? - Надменно спросила Латона.\n  -- Не лицо, а лягушачья морда, - снова захохотал Валя, - супер-модели они все знаешь какие высокие! Чтобы тебя взяли в супер-модели, тебе надо быть метр семьдесят пять ростом, - Валя встал на цыпочки и поднял вверх руку, - тетя, достань воробушка! А ты сколько - метр с кепкой?\n  -- Нет, почему я выше! - Поспешно объяснила Латона, спрыгивая с пенька, - и еще вырасту.\n  -- На сколько ты вырастешь? На сантиметр, на три? На пять? А надо - ого-го на сколько! - Сказал Валя и уверенно добавил, - на столько ты не вырастешь.\n   Мы очутились на поляне и прошли вглубь леса. В этой части мы еще никогда не были. Здесь была самая настоящая чащоба. Среди деревьев мы увидели какой-то каменный помост, сложенный из отполированных булыжников. Рядом несколько камней явно обозначали место для костра. А на большой каменной глыбе, стоявшей немного в стороне, были начертаны какие-то незнакомые нам символы, или знаки.\n   - Что это? - Спросила Латона и радостно предположила, - помост для манекенщиц, только очень маленький? Подиум?\n  -- Не-а, - сказал Валька и двумя ногами сразу вспрыгнул на довольно высокий каменный помост.\n   Я не уступила ему в ловкости и запрыгнула на камни рядом с ним. Наш тренер по рукопашному бою велел нам прыгать при каждом удобном случае: на улице - на скамейки, дома - на стулья, потому что это здорово укрепляет мышцы ног. Поэтому мы с Валей порой скакали и на школьные стулья, как зайцы, чем сильно раздражали учителей.\n   - Я знаю, что это такое! - Вдруг сказала я, - это заброшенный алтарь! Это никакой не помост, это жертвенник.\n   Я вспомнила учебник истории. Мы как раз проходили тот период, когда древние люди жили стадами. И в учебнике был нарисован похожий алтарь.\n  -- Алтарь? Настоящий? - Валя пришел в восторг.\n   Он достал из кармана спички и, подобрав с земли несколько сухих прутьев, попробовал запалить костер.\n  -- Что, будем играть? - Спросила я.', 4, 6, 5),
(6, 2, '-- Подурачимся, - сказал Валька, и добавил замогильным голосом, - это алтарь темных сил, и нам необходимо позвать на помощь страшных демонов!\n   Валя состроил свирепую рожу и растопырил руки, изображая вероятно темные силы, причем все сразу.\n   - Цирк уехал, а клоуны остались! - Пренебрежительно сказала Латона.\n   Мы с Латоной рассмеялись, потому что Валя гримасничал вдохновенно и долго. Потом он снова вспрыгнул на жертвенник и страшным голосом завыл, указывая скрюченным пальцем на Латону:\n  -- А в жертву им приносят знаменитых топ-моделей!\n   Костер загорелся, но быстро погас. Поднимался ветер. С деревьев полетели листья, осыпав нас золотистым дождем березовых \"сердечек\".\n   - Почему вы не поддерживаете мою игру? - Прокричал Валя и сам засмеялся, довольный новой шуткой, - я знаете кто? Я - жрец темных сил! Падите на колени, непослушные дочери мои, а то я принесу вас в жертву!\n   Валя уже изрядно надоел со своими криками. Но мы с Латоной приняли его затею и насмешливо поклонились ему. Валя подошел к камню с таинственными письменами, пнул его ногой и провозгласил:\n  -- Вызываю вас, силы тьмы! Придите и скажите нам... хи-хи-хи, чего-нибудь веселенькое!\n  -- Нет! Силы тьмы, лучше сделайте так, чтобы можно было не ходить в школу! - Прокричала я.\n   Мое обращение понравилось и Латоне, и Вале. Мы схватились за руки и начали прыгать вокруг каменных надписей.\n  -- Как здорово, как здорово!', 5, 7, 6),
(7, 3, 'С утра пораньше Валька пришел ко мне домой. У него болела голова, и он злился.\n  -- Может, сделать стойку на голове? - Спросил он неуверенно. - Кровь прильет к мозгам, и они перестанут болеть.\n  -- Лучше отпили ее, как в цирке, - сказала я и предложила братишке попить свежего чая с конфетами: вдруг от шоколада его головная боль пройдет.\n  -- Хорошее предложение, - одобрил Валя и пошел на кухню ставить чайник.\n   Спустя некоторое время я услышала свисток чайника: это означало, что он вскипел.\n  -- А знаешь, мне приснился сегодня дурацкий сон! - Неохотно сказал Валька, - как будто вода в колодце стала красной.\n   Да, я была согласна с Валькой, сон и вправду, дурацкий. В каком еще колодце? У нас в городе и колодцев-то не осталось! Если только в цыганском поселке. Мы сидели на кухне и ожесточенно дули в чашки, ожидая, когда чай остынет.\n  -- А вот отгадай загадку, - предложил мне брат, - чем наши байкеры отличаются от иностранных?\n  -- Чем? - Я знала, что Валькины загадки нельзя было отгадать, если заранее не знать ответа.\n  -- Иностранные байкеры ездят на мотоциклах, а наши - на велосипедах и кричат при этом \"дррррын-дрррын...\"! - самодовольно сказал он и положил себе в чашку еще сахару.\n   Под столом раздался шорох. Это мой домовой с ласковым именем Ерофеич вылезал из своего домика. Что означало его имя - Ерофеич? Вообще, имя это или отчество, вероятно и сам домовой не знал.', 6, 33, 7),
(33, 3, '-- Привет, - сказал нам Ерофеич, - все безобразничаете?\n  -- И вовсе нет, мы просто паиньки, дядя Ерофеич! - Сказал Валька.\n   Валька уже был знаком с Ерофеичем. И, можно сказать, что ладили они хорошо. На Ерофеиче была надета лохматая шубка из шкуры зверя неизвестной породы. Ноги у него походили на птичьи лапки. А через плечо его перевешивалась голубая орденская лента с какими-то значками и золотой надписью \"Официальный домовой\".\n  -- Вот у меня домовой как домовой, - сказала я, - просто красавец.\n  -- Да, жаль только, что твоя мама меня боится, - сказал Ерофеич ворчливо.\n  -- А у деда Анзора домовых много. Но все они невидимые, - продолжала я.\n  -- Если бы я был невидимым, то вы бы меня, пожалуй, и не замечали, - сказал Ерофеич.\n   Валька отставил в сторону свою чашку и сказал:\n  -- Ты опять ходила к старику? Вместе с Кармен ходила? Ну и друзей ты себе нашла!\n  -- А что - они недобрые? - Спросил Ерофеич, забираясь на стол и усаживаясь возле вазы с конфетами.\n  -- Они странные! У деда этого все необычное. Я один раз был в его доме. И как бы это объяснить, каков его дом... там все пугает! - Сказал Валька, и для придания веса своим словам, хлопнул ладонью по столу.', 7, NULL, 8),
(34, 4, 'October is a real golden time.\n   Why? - you ask.\n   There are several reasons why I said so. Firstly, because the foliage on the trees has already become red and yellow, while the grass on the ground is still green. Secondly, due to the fact that at the beginning of the school year we are schoolchildren we creep in lazily, and the memories of summer rest are kept in our heads like the glint of gold in the eyes of prospectors of the mine. Thirdly, because with impatience on the last day of this month, we are waiting for the arrival of a foreign, but one hundred percent youth, holiday called \"Halloween.\" And fourthly, I have a new interesting friend named Sashka.\n   This is, perhaps, the most important of all! I have many friends, because I\'m a very sociable girl. But Sashka is different from them, he is a gypsy girl. We met at one of the October discos. Now we are sitting with him at our friend\'s - Grandfather Anzor.\n   Grandfather Anzor, probably the oldest gypsy of the village, which is on the outskirts of our city. And everything in his house is not easy, but as if enchanted, with fiction.\n   For example, when his invisible servants set the table, it seems that tea cups and jars of jam are alive.\n   Under the ceiling of his house hang bunches of various herbs, roots and berries. And what\'s there is not! Bunches of St. John\'s wort, valerian rootlets, bound with stern threads, clusters of guelder-rose, red-red.\n   And Anzor\'s grandfather has a magic smoking pipe. It\'s worth her grandfather only to smoke, as sad music begins to sound, and in the corner of the room a small hearth flares up.\n  \"What kind of music is this?\" - I once asked my grandfather.\n  \"It\'s Diana, my heart is singing,\" Grandfather Anzor said, narrowing his eyes cunningly.\n   Grandfather Anzor opened an empty palm, and from her three gingerbreads, covered with multicolored glaze, rolled out onto the table, as if from a fair.\n   In general, as you know, Grandfather Anzor was never bored. He interestingly talks about gypsy signs for luck and good weather. All this, of course, is a fairy tale, but listening to them is just a pleasure.\n  \"Diana,\" my grandfather asked me, \"why did not your girlfriend come with you?\"\n  \"Is this Latona something?\" - I said, - she\'s scared once. She flips through the fashion magazines, wants to make a new hairstyle.\n  - And Valentine - your own brother? - Again, inquired the grandfather.\n  \"He\'s not my own, but my cousin,\" I corrected, \"Valya ...\"\n   I hesitated. The fact is that Valka only once with us was visiting Anzor\'s grandfather. And his grandfather did not like him at once. It happens this: antipathy arises towards some people for no reason. But I\'m sure that it will go with Valya. Valentin is a good guy, he understands everything and knows how to distinguish good from evil. But I could not tell Grandfather Anzor! He is so kind to us, no matter how offensive.\n   But Anzor\'s grandfather seemed to understand me without words.\n  \"It\'s clear,\" he nodded, as if I had given him the full answer, and added cheerfully, \"my brother is afraid that evil gypsies will drag the beautiful sister away.\"\n   Sasha and I laughed.\n  \"A lot of slander is still being directed at gypsies,\" the grandfather said thoughtfully, lighting his pipe. \"Only all the bad things that are said about us are lies, a girl.\"\n   It was already dark. And it was time for us to leave.\n  \"Come on, Carmen,\" I said to Sashka.\n   He obediently rose from the table.', NULL, 35, 1),
(35, 4, 'He eagerly responded to the nickname Carmen. So my friend and classmate Latona nicknamed him. Latona loved to give innocent nicknames to all our boyfriends. She, of course, knew that Carmen was a gypsy beauty from the French composer\'s opera, but for some reason she rewarded Sashka with this nickname.\n   \"He has long eyelashes, like a girl,\" Luton said sarcastically, \"that\'s why he will be Carmen.\" However, the nickname was so well liked by everyone that it was firmly entrenched behind Sashka. And he was called more often than by name. In this book, I will call it that, so get used to it!\n   I waved to the invisible house-cook. I knew they were waving back at me. And I even heard their quiet whisper:\n   - What a polite girl ... And others believe that with the invisible, you do not need to say hello or say goodbye!\n   Carmen and I left the house. Grandfather Anzor saw us off. He stood on the threshold and watched us go. It was dark, the lights were not on. And, looking back, I saw how his pipe was rending in the darkness, casting ruby ​​shadows on his face.\n   A few minutes later the gypsy village was left behind. And we went along a wide asphalt road to the city center where I lived.\n  \"And behind the village begins the forest,\" said Carmen, \"and the mushrooms were there in September - it\'s full!\"\n  \"Does Anzor collect mushrooms?\" - I asked.\n  \"No, the squirrels themselves bring them to him,\" replied Carmen.\n  \"Is he a magician?\"\n   Carmen laughed and took my hand.\n  \"All the gypsies are wizards.\" We are the only people of the real magicians in the world. Every gypsy knows something extraordinary, so do not be surprised at anything. To someone, for example, money flows by itself by the river, and such a person is called our richest. Some people cling to animals, finding a common language with him, and his name is the most kind. And beside someone all the time beautiful girls are spinning, and this person is enviously called the happiest.\n  - And if all this together?\n  \"Then this man is the strongest in the camp.\" And this is none other than the White Warlock, \"said Carmen.\n   What is that? I was terribly surprised, I had never heard of this before from Anzor\'s grandfather or Carmen. Carmen understood my silence and began to explain.\n  \"You see, Diana,\" he began, \"each camp has its own White sorcerer. He guards the camp from the evil forces of the Black Sorcerers, heals people and cattle from disease, removes damage from losers. He is the lord of the Gypsy gods, such magical, all-powerful creatures. And while he holds them in his power, he is the most powerful sorcerer of the camp. But after a while the gypsies get rid of him.\n  -- How?\n  \"They\'re ... killing,\" Carmen said after a short pause.\n  -- What? - I exclaimed in fright.\n  -- Yes. That\'s the custom, \"Carmen said slowly,\" otherwise it\'s impossible. \" Because the White Warlock, after a certain period of his service for the camp, becomes Black. This means that the Gypsy gods, which he learned to command, get out of control and take over him. And now they will make him bring harm to the assembly.\n  \"Is there a White sorcerer in your camp?\"\n  \"Not now,\" Carmen shrugged, \"the old one disappeared many years ago.\" And who they were, and where he went, for some reason no one remembers. As if everyone has a memory failure. And the new White sorcerer should decide on the coming full moon.\n  \"And how did you live without a sorcerer for so many years?\" Maybe you can continue without it?\n  - No, without it it is difficult. People quarrel, and no one can reconcile them. We have been waiting for this full moon for many years to determine the new White Sorcerer - and Carmen added as it were by the way - so our fate has taken shape.\n   Carmen looked at me, strangely smiling, and then suddenly put his arm around my shoulders and kissed me. His lips were warm and wet, and I smelled the forest grass. I felt dizzy and my eyes closed by themselves.\n   \"I\'ve become light and easy and will now fly away,\" I thought. But a minute later I came to myself and pushed him away from me.\n  \"Fool,\" I said in an offended tone, \"what are you?\"\n  \"The gypsies of your years are already grown-ups, and you\'re still a child,\" Carmen said gravely. \"I\'ve known you for a long time.\" And this is your first kiss.\n   I took a step towards him, grabbed him with my left hand by the elbow, and with my right by the collar of my jacket and deftly made a throw across my thigh. I think my coach in hand-to-hand combat would give a high mark for this shot, especially since Carmen was a few kilos heavier than me.\n  \"This is my answer,\" I said, letting go of him, \"so that I know in the future!\"\n   Carmen got up from the ground in confusion and shook off his trousers. He laughed softly, but his laughter sounded sad. And I realized that he was offended.\n  \"What did you know?\" - He asked quietly.\n  \"I knew that I was stronger,\" she answered passionately.\n  \"It only seems to you,\" he said softly.', 34, 36, 2),
(36, 4, 'Carmen, not looking up, looked into my eyes. I felt him touch my left hand. I caught myself thinking that now I want to obey him and fulfill all his requests. Most recently I was going to go home, but now I was ready to follow him to the end of the world. What is this happening to me? Only Carmen could explain this.\n   A minute later, the magic dope was scattered.\n   \"Carmen,\" I asked, a little scared, \"what was that?\" How do you do that?\n   \"It\'s simpler than simple,\" he said softly and mockingly, \"the primitive technique of gypsy hypnosis.\" So you do not really imagine, and do not say that you are stronger than me.', 35, 37, 3),
(37, 5, 'We were going to go into the forest, which stretched for many kilometers immediately after the gypsy village. Today with me were my old friends - brother Valentine and friend of Latona. I must say that these two most dear to me people constantly conflicted with each other.\n  - And how, girls, do you have math? - Asked Valya.\n  \"That\'s fine,\" Latona said.\n  - But guess what will happen if you combine a pig and a fire?\n  -- Nothing will happen! - said Latona, - and these pigs with bonfires - not mathematics!\n  - There will be a shish kebab! - said Valya smugly.\n   My brother was a master at cool puzzles.\n  \"You yourself are pork beef,\" Latona snidely told him.\n  - And you - rastrepa! Look what\'s on your head! - Valya shouted to her cheerfully.\n   Latona was with a new haircut, concocted by the technology offered in the fashion magazine. Her curls fluttered on the top of the head, and behind them were taken up by stilettos. Before we reached the forest, the hairstyle began to slide one by one, and soon Luton had to take out all the hairpins and go with the usual shaggy head. The wax was very cheerful.\n  - Curly, as if sleeping in the basket all night! He teased Luton.\n  \"It\'s just that I have a romantic dream, and you only know how to fight in your sports section,\" Latona told us.\n   She eternally bored us with her fantasies about being similar to some famous beauties.\n  \"I want to be like a super model, Claudia Schiffer,\" Luton said.\n   She stopped, climbed a low stump, smiled broadly, put her right hand on the waist, and left threw her bright curls over her shoulders and froze motionless.', 36, 38, 4),
(38, 5, '\"Well, face,\" Valya laughed. \"Get out, Klava, we do not have a camera to photograph you!\"\n  - What do not you like my model face? Latone asked haughtily.\n  \"Not a face, but a frog\'s face,\" Valya laughed again. \"You all know how super-models they are!\" To be taken to the super-model, you need to be a seventy-five meter tall, - Valya stood on tiptoe and raised his hand, - Aunt, get a sparrow! And how many - a meter with a cap?\n  \"No, why am I taller?\" - Lutonov hastily explained, jumping off the stump, - and still growing up.\n  - How much will you grow up? At a centimeter, three? Five? And it is necessary - oh-th on how much! - said Valya and confidently added - so much you will not grow up.\n   We found ourselves in a clearing and went deep into the forest. In this part, we have never been. There was a real thicket here. Among the trees, we saw a stone dais built of polished cobblestones. Nearby several stones clearly indicated the place for the fire. And on a large stone block, which stood a little apart, there were inscribed some unfamiliar symbols or signs.\n   - What is it? - Asked Laton and happily suggested - a platform for fashion models, only very small? Podium?\n  \"No,\" said Valka, and with two feet immediately jumped onto a rather high stone platform.\n   I did not yield to him in dexterity and jumped on the stones next to him. Our hand-to-hand fighting coach told us to jump at every opportunity: on the street - on benches, at home - on chairs, because it\'s great to strengthen the muscles of the legs. That\'s why Valya and I sometimes jumped on school chairs like rabbits, which irritated our teachers.\n   - I know what is it! - Suddenly I said, - this is an abandoned altar! It\'s not a platform, it\'s an altar.\n   I remembered the history textbook. We just passed the period when the ancient people lived in herds. And in the textbook was drawn a similar altar.\n  \"The altar?\" Present? - Valya was delighted.\n   He took a match from his pocket and, picking up some dry rods from the ground, tried to light a fire.\n  \"What, shall we play?\" - I asked.', 37, 39, 5),
(39, 5, '\"Let\'s be silly,\" said Valka, and added in a sepulchral voice, \"this is the altar of dark forces, and we need to call for help from terrible demons!\"\n   Valya made a furious face and spread his arms, depicting probably dark forces, all at once.\n   - The circus left, and the clowns stayed! Latona said scornfully.\n   Latona and I laughed, because Valya grimaced with inspiration and for a long time. Then he again jumped on the altar and howled with a terrible voice, pointing his crooked finger at Laton:\n  - And they are brought to the sacrifice of famous top models!\n   The bonfire caught fire, but quickly went out. The wind rose. Leaves flew from the trees, showering us with a golden rain of birch \"hearts\".\n   \"Why do not you support my game?\" - Valya shouted and he laughed, pleased with the new joke - I know who? I am a priest of dark forces! Fall on your knees, my disobedient daughters, or else I will sacrifice you!\n   Valya is already pretty tired with his cries. But Latona and I accepted his undertaking and bowed to him mockingly. Valya went to the stone with mysterious letters, kicked it with his foot and proclaimed:\n  \"I summon you, the powers of darkness!\" Come and tell us ... hee-hee-hee, something cheerful!\n  -- No! Forces of darkness, better do so that you can not go to school! I shouted.\n   My appeal pleased both Latona and Vale. We grabbed hands and began jumping around the stone inscriptions.\n  - How cool, how great!', 38, 40, 6),
(40, 6, 'Early in the morning Valya came to my house. His head ached and he got angry.\n  - Maybe make a stand on the head? He asked hesitantly. \"The blood will cling to the brains, and they will stop ache.\"\n  \"We drank it better, like in a circus,\" I said, and suggested to my brother to drink fresh tea with sweets: suddenly, his headache would go away from chocolate.\n  \"A good offer,\" Valya approved, and went to the kitchen to put the kettle on.\n   After a while, I heard the whistle of a teapot: this meant that he was boiling.\n  \"You know, I had a foolish dream today!\" - Reluctantly said Valya, - as if the water in the well turned red.\n   Yes, I agreed with Valka, a dream indeed, stupid. In what other well? We have no left in the city! If only in a gypsy village. We sat in the kitchen and bitterly blew into the cups, waiting for the tea to cool.\n  \"But guess the riddle,\" my brother suggested to me, \"how do our bikers differ from foreign ones?\"\n  - Than? \"I knew that the Valkins of the riddle could not be guessed if you did not know the answer in advance.\n  - Foreign bikers ride motorcycles, and ours - on bicycles and shout at the same time \"drrrryn-drpryn ...\"! He said smugly and put sugar in his cup.\n   There was a rustle under the table. This is my house with a gentle name Erofeeich got out of his house. What did his name mean-Yerofeyich? In general, this name or patronymic, probably he did not know the house.', 39, 41, 7),
(41, 6, '\"Hello,\" Yerofeyich said to us, \"are you all being disgraceful?\"\n  \"And no, we\'re just good-hearted, Uncle Yerofeyich!\" - said Valya.\n   Valka was already familiar with Yerofeyich. And, we can say that they got along well. On Erofeeich was wearing a shaggy fur coat from the skin of a beast of unknown breed. His legs were like bird\'s paws. And over his shoulder hung a blue ribbon with some badges and a gold inscription \"Official house\".\n  - Here I have a brownie as a house, - I said, - just handsome.\n  \"Yes, it\'s a pity that your mother is afraid of me,\" Erofeyich said grumpily.\n  - And the grandfather of Anzor has a lot of brownies. But they are all invisible, \"I continued.\n  \"If I were invisible, you probably would not notice me,\" Erofeyich said.\n   Valya put his cup aside and said:\n  \"Did you go again to the old man?\" Did she go with Carmen? Well, you found your friends!\n  - And what - they are not good? - Erofeyich asked, climbing to the table and sitting down near the vase with sweets.\n  \"They\'re strange!\" Grandfather of this all unusual. I once was in his house. And how to explain it, what is his house ... everything is scary! - said Valya, and to give weight to his words, slapped his hand on the table.', 40, NULL, 8),
(42, 7, 'Трехцветная кошка охотилась. Почти ползла  в  гуще  трав,  длиннолапая,\nтощая, мускулистая, сплошной каучук. От холеных пращуров осталась у  кошки\nтолько неудобная для охоты, некогда престижная окраска.\n   На расстоянии прыжка хищница сжалась, готовая схватить ближайшую птицу,\nно белые ширококрылые птицы, давно  косившиеся  в  сторону  шороха,  вдруг\nтяжело  вспорхнули,  паническим  кудахтаньем  воскрешая  образ  нелетающих\nдомашних предков.\n   Кошка досадливо зашипела  и  тут  же  поняла,  что  не  виновата.  Кур,\nлетевших теперь к лесу, к своим огромным гнездам на  вершинах  сосен,  кур\nспугнул другой охотник. Круглый, блестящий,  горячий,  он  стоял  в  поле,\nневесть откуда взявшись, и дышал опасностью. Какой опасностью, этого кошка\nне знала. Вместе с нелепой расцветкой она унаследовала от тех,  городских,\nстрах перед всем большим, блестящим,  движущимся,  внезапно  появляющимся,\nподозрительно живым, хотя и  непохожим  на  живые  существа.  Страх  перед\nмашинами. Он жил в крови, хотя машины исчезли давным-давно.\n   Блестящий бок лопнул вертикальной щелью, щель начала расширяться...\n   Поражаясь самому себе - насколько хладнокровно он все делает,  -  Ромул\nотстегнул  кнопку  белой  кобуры,  достал  массивный  старинный  пистолет.\nПерламутр на рукояти не грел, не холодил - машина сама легла в руку, змеей\nпристроилась вокруг пальцев.\n   Благо  Лауры  в  том,  что  мы  дисциплинированны  и  не  переоцениваем\nсобственную жизнь.\n   Первым делом он прострелил голову робота, чтобы тот не вмешался,  слепо\nследуя программе защиты хозяина. Сиреневый ореол погас, померкла  белизна;\nчерная, как свежей смолой облитая, статуя грохнулась на ковер.\n   Он обвел взглядом салон  корабля  -  последнее,  что  суждено  увидеть.\nНастоящий островок Лауры. Восточные ковры под ногами и на стенах, яркие  и\nстрогие, как стихи Корана. Кинжалы столь драгоценные и вычурные, что  даже\nмысль  об  их  мясницком  предназначении  кажется   кощунством.   Эмалевые\nминиатюры - колибри в пестром птичнике живописи,  прелестные  родственницы\nзолотокрылых музейных кондоров. В салоне отсутствовали приборы  -  корабль\nвела  воля  пилота.  Ромул  сосредоточивался,  глядя  в   яшмовые   зрачки\nсвященного тибетского льва.\n   ...Стоя посреди красно-желтого ковра, он расставил ноги пошире и прижал\nствол к виску, прямо к бьющейся вене.\n   Скорей, скорей, пока не вздыбилась волна самосохранения...\n   _Они_ не остановят, ибо чтут чужую  свободу.  _Они_  сделали  все,  что\nмогли, - прочли проповедь...\n   Спуск.  Такой  податливый.  Подушечка   пальца   почти   не   чувствует\nсопротивления. Спуск...', NULL, 43, 1),
(43, 8, 'Когда лаурянин,  в  белоснежном  камзоле  с  золотой  нагрудной  цепью,\nкоротких белых штанах и лайковых сапогах с кружевными отворотами,  ступил,\nнебрежно откидывая широкий струисто-синий плащ, в луговое  разноцветье,  -\nголова его закружилась от запахов. Полынь и мед, пряное и приторное, смола\nи высушенные солнцем травы, и пугливый воздушный след пробежавшего  зверя,\nи гнилая струя болот.\n   Впереди заросли глубиной по колено, а то и по  пояс  -  скромные  белые\nлепешки тысячелистника, лиловый железный чертополох, нежная медовая кашка,\nобильный желтый дрок... Дождевые липкие русла.  Подкова  кряжистых  сосен.\nЯростный щебет в куполе одинокой яблони-дички. В лесу -  серые,  угловатые\nне то утесы, не то бастионы. Космодром Земля-Главная.\n   Отсюда стартовали первые переселенцы на Лауру.\n   Здесь окончит свой печальный путь по Земле их  далекий  потомок,  пилот\nРомул.\n   Он   осмотрелся   и   увидел   трехцветную,   черно-бело-рыжую   кошку,\nпритаившуюся в безопасном отдалении. Взглядом и позой кошка излучала испуг\nи ненависть. Ромул сделал шаг, она сорвалась с места и беззвучно исчезла.\n   Пилот шагал, подставляя заоблачному ласковому  светилу  бледно-смуглое,\nкостистое, остробородое лицо; шагал,  высоко  поднимая  колени,  отмахивая\nперчаткой в перстнях наглые одуванчики чертополоха. За лаурянином  упругой\nпоходкой  атлета  спешила   полупрозрачная   статуя,   молочно-аметистовый\nДискобол, очерченный огнем  по  контуру  мышц  и  каменно-кудрявой  слепой\nголовы,  -  ангел   Второго   Возрождения.   Антиутилитаристы,   поднявшие\n\"эстетическую  революцию\",  вложили  бездну  выдумки  и  вкуса  в   каждый\nтогдашний инструмент, корабль, робот.\n   Лес расступался молча, только хрустели под сапогами сухие шишки.  Птицы\nдавно  отыграли  свадьбы,  учили  оперившихся  птенцов  мудрости  осеннего\nперелета и голос подавали редко.\n   Сосны боязливо касались стены. Ноздреватая серая кладка замыкала  цирк.\nТысячелетняя шуба винограда щетинилась очередной  свежей  порослью.  Ромул\nвскарабкался на осыпь, прошел проломом, подобным ущелью.\n   Он остановился, не видя смысла идти дальше;  робот  замер,  полуоторвав\nступню  от  щебня.  Подкравшись,  ворвался  в  проломы  ветер,   напоенный\nцветочным медом и смолой, принес сухую пыльцу, и чешуйки сосен, и крылышки\nмертвых насекомых; взвихрил тополя,  заиграл  изнанкой  листьев  -  белыми\nзеркальцами...\n   Счастье обретения покоя, сон безлюдных просторов, глухая боль потери  -\nнеужели так много может навеять ветер прародины? Бормочет, смеется,  игрой\nбелых зеркалец завораживает Земля,  покинутая,  но  незримо  полная  -  до\nсамого облачного свода - чувствами ушедших, памятью об ушедших. Он, Ромул,\n- беглец, отщепенец. Разорвана нить духовной  связи  с  общиной  Лауры,  с\nУчителями. Он один против шелестящего колдовства июльской Земли.\n   ...Костром загудели, затрещали  встопорщенные  тополя,  истаяла  пелена\nполудня, и в щербатую кружку диспетчерской молодым вином  хлынуло  солнце.\nОслепленный вспышками зеркалец, осыпанный пылью и лепестками с луга, Ромул\nна одно сладкое, обморочное мгновение почувствовал все сразу, все, что его\nокружало и было в нем самом. Струны магнитного поля гремели  под  пальцами\nсолнечных потоков; вторя мощным аккордам, играли оркестры в каждом  уголке\nего тела, делились клетки, толчками плыли но венам густые, горячие  ручьи,\n- а может быть, то текли соки в корнях тополей и винограда?\n   За этот миг, более насыщенный, чем  вся  его  предыдущая  жизнь,  успел\nпостигнуть Ромул послушное, размеренное бытие своего робота - Дискобол  не\nбыл чужд природе, но относился к ней, как наручные часы к запястью.\n   Потом все ушло; снова подали голос потревоженные шмели, где-то  рухнула\nотмершая ветка, и гость понял, что он уже не один.\n   - Разумеется, вы всемогущи, - заговорил он, протянув руку туда,  где  в\nбликах зелени  ощущал  взгляд  и  улыбку.  -  Но  расправа  с  беззащитным\nпришельцем не принесет вам чести. Оставьте  мне  мою  волю  -  смотреть  и\nвыбирать.', 42, 44, 2),
(44, 8, '- Так и быть, - смотрите!  -  совсем  с  другой  стороны  ответил  чуть\nнасмешливый  женский  голос.  Изменив   лаурянской   сдержанности,   Ромул\nобернулся так резко, что робот вообразил угрозу хозяину  и  принял  боевую\nстойку.\n   ...Все они знали с детства, пилоты и те, кто не думал  покидать  Лауру:\nполет к Земле  -  гибель.  Хуже,  чем  просто  гибель.  Невообразимые  для\nлаурянина последствия. Плен в мире невидимых  и  могучих  существ,  чуждых\nвсему людскому, живущих \"по ту сторону  добра  и  зла\".  После  разрыва  с\nРозалиндой и ссоры с  Учителем  Ромула  потянуло  к  Земле,  как  тянет  в\nпропасть: было захватывающе и жутко улетать. Одичавшая прародина успокоила\nего плеском, шелестом и птичьими голосами. Теперь в одну секунду вернулось\nпредстартовое чувство.\n   У опушки рощи  стояла  молодая  женщина.  Ромул,  с  его  академическим\nвкусом, предпочел бы, чтобы ее плечи были поуже,  а  бедра  -  пошире.  Но\nвсе-таки женщина была  хороша.  Безупречно  стройная,  рослая,  свежая,  с\nвыпукло  вырезанным  ртом  и  крупными  кольцами  смоляных  волос.  Широко\nрасставленные глаза на тонком загорелом  лице  сочетали,  подобно  янтарю,\nтепло и твердость. Зоркий, воспитанный шедеврами  взгляд  пилота  подметил\nпротиворечия, слагавшиеся в странную  гармонию.  Грудь  высока,  но  кости\nключиц сквозят под оливковой кожей в распахнутом вороте рыжей  безрукавки,\nи худы сильные темные пальцы, по-мужски обхватившие ремень тугих брюк. Она\nвнушает тоску и тревогу, как этот ветер, утихший по ее приказу.\n   Решив не сдаваться до конца, он выставил правую ногу, склонил голову и,\nплавно поводя кистью от сердца, сказал,  как  говорили  с  дамами  на  его\nродине:\n   - Очень любезно с вашей стороны принять  для  встречи  странника  столь\nочаровательный телесный облик!\n   Она пожала крепкими плечами:\n   - Я ничего не принимала, это мой настоящий вид.\n   Внутренне посмеиваясь, Ромул еще галантнее поклонился фантому:\n   - Как вам будет угодно!..\n   Женщина порывисто мотнула черной гривой:\n   - Вот чудак-человек! А какими же вы нас представляете?\n   - Такими, какие вы есть,  -  рискнул  сказать  Ромул.  -  Бестелесными,\nживущими  в  космической  пустоте,  и  незримыми,  покуда  вам  не   будет\nблагоугодно воплотиться.\n   Шаг навстречу, другой... Поборов  леденящий  ужас,  Ромул  позволил  ей\nвзять обе свои руки.\n   - Скажите, зачем вы здесь? Что собираетесь делать дальше?\n   ...Однажды он сам задал подобный вопрос Розалинде. Открыл душу  тонкой,\nчуткой девушке, которую считал пожизненным вторым \"я\". Выплеснул  сомнения\nмногих лет - концентрированную кислоту одиночества - и  спросил:  \"Что  же\nнам делать дальше?\"\n   Не _мне_ делать, а _нам_, потому  что  не  отделял  себя  от  нее...  И\nРозалинда испугалась. Ромул никогда не видел  ее  лицо  таким  искаженным.\nНесколько секунд она смотрела на Ромула, широко раскрыв рот, со слезами  в\nраспахнутых глазах. Затем громко всхлипнула и бросилась вниз по  лестнице,\nграциозно подбирая белое  платье  со  шлейфом.  Бежала,  точно  Золушка  с\nпоследним  ударом  часов,  вниз  по  розовым  ступеням,  мимо   надраенных\nбронзовых фавнов и нереид, вниз, в галдящую сутолоку набережной,  где  под\nфонарями ползли кареты и прогуливались  разряженные  пары,  сопровождаемые\nроботами Второго Возрождения: изумрудными рыцарями, беломраморными девами,\nдиковинными жуками или ящерицами.\n   У Розалинды был фарфоровый робот, увитый живыми розами. Она плакала, но\nбыстро утешилась. По канонам Лауры, где никто не изменял  свой  врожденный\nоблик, девушка была прекрасна: округлые узкие плечи, тяжелые бедра, пухлые\nдетские ладони и ступни.  Облагороженный  вариант  Венеры  Виллендорфской,\nбожественная родильница.  Розалинда  утешилась  восторгами  обожателей,  а\nРомул понял, что не может больше оставаться на Лауре...\n   - ...Так все-таки зачем вы здесь?\n   Не поддаваться! Собрать всю волю! Это только игра. Такая же  игра,  как\nчерные туфельки напротив лебединой пары его  сапог.  Замшевые  туфельки  в\nпыли, носок правой чуть потерт. Можно подумать, что этому существу не дано\nчитать мысли, узнавать прошлое, предвидеть будущее и  управлять  им.  Цель\nигры недоступна, но выбор скуден: либо без оглядки бежать к кораблю,  либо\nвести  себя  так,  словно  перед  тобой  действительно  _живая_   девушка,\nнуждающаяся в твоих ответах на вопросы.\n   Итак...\n   -  Прошу  великодушно   простить   меня,   но   прямой   ответ   весьма\nзатруднителен.  При  всем  желании  могу  сообщить  вам  единственное.   Я\nразошелся с Учителями, старейшинами нашей общины, в  понимании  того,  что\nесть истина, и взалкал запретного плода.\n   Она отпустила его руки и медленно  покачала  головой,  словно  не  веря\nтому, что слышит; в янтарных радужках  качнулись  черные  точки,  подобные\nмошкам в настоящей окаменевшей смоле.\n   Ромул витиевато представился и спросил \"имя прелестной хозяйки\".\n   Он мог бы поклясться, что она смущена. Ресницы опустились,  и  на  лице\nблуждает какая-то тихая, обращенная внутрь полуулыбка.\n   - У нас теперь нет имен, они уже не нужны.\n   Если это ложь, то бессмысленная. Таким признанием не приблизишь к себе,\nне завоюешь доверие. Но если это существо не лжет, то... прикажете считать\nправдой и маскарад с женским телом?\n   - ...Впрочем, если вам удобнее  как-нибудь  называть  меня,  то  зовите\nВиола. Я родилась задолго, очень задолго до Перехода; до того,  как  Лаура\nстала автономной общиной. Кажется,  даже  раньше,  чем  на  вашей  планете\nосновали колонию! - Ее улыбка стала чуть кокетливой.\n   - Имя, вполне достойное своей носительницы, -  поспешно  сказал  Ромул,\nчтобы не услышать точной даты рождения Виолы. - К тому же одно из тех, что\nслывут красивейшими в нашей общине, где каждый  стремится  наречь  дитя  в\nпамять  героя  древности  либо  прославленного  образа  искусства.  Виолой\nзвалась дивная героиня шекспировской \"Двенадцатой ночи\"...\n   Просияв, хозяйка хлопнула в ладоши:\n   - Как чудесно! Меня назвали именно в честь _этой_ Виолы!\n   И сразу погрустнела. Спросила трепетно, почти заискивающе - переходы ее\nнастроений были мгновенны:\n   - Почему вы не верите мне? Как мне доказать,  что  я  не  замышляю  зла\nпротив вас?\n   Ромул только вздохнул.\n   -  ...Учитель  обожал  готику.  Шоколадный  дуб  стен.  Пестрые  клинки\nвитражей. Епископские резные кафедры и кресла со спинкой  в  рост  жирафа,\nувенчанные зубцами  и  крестами.  Учитель  сказал  Ромулу,  боком  сидя  в\nкресле-небоскребе, раскинув пурпурную мантию по подлокотникам:\n   - Соблаговолите объяснить мне, почему столь  огорчена  ваша  нареченная\nневеста? Как вы, рыцарь, дерзнули  быть  жестоким  с  Розалиндой,  кроткой\nголубицей, беззаветно любящей вас?\n   - Разве она не открыла вам свою душу. Учитель?\n   - Нет. - Дрогнули козырьки седых бровей, судорога гнева  зазмеилась  по\nдлинному сухому лицу. - Она  уязвлена,  но  чувство  Розалинды  к  вам  не\nостыло. Она молчит, хотя надлежало бы...\n   - Учитель, - впервые в жизни решился Ромул перебить того, кому поверяли\nсамое сокровенное все три тысячи  жителей  братства.  -  Учитель,  спасите\nменя, ибо пришли губительные сомнения, и нет мне покоя даже ночами.\n   - Рассказывайте, рыцарь. - Старик  величественно  откинулся  на  спинку\nкресла, смотрел свысока, надменностью скрывая раздражение.\n   Горло Ромула сжалось. О чем же рассказывать? О том, как  год  за  годом\nпроходил  он  по  центральной  площади  столицы,  по  гигантской  мозаике,\nизображающей Муз и  Гениев  с  Дарами  Свободных  Искусств?  Проходил  под\nсахарным портиком Эрехтейона, а по левую  руку  рыбой-пилой,  вставшей  на\nхвост, целился в желтое неземное небо Кельнский собор, а  по  правую  руку\nнадувал затканные барельефами паруса башен храм Кандарья-Махадева, а прямо\nза спиной Микеланджелова Давида лезли в глаза, оттесняя друг друга, и арка\nТита, и колонна Траяна, и православные золотые луковицы... Рассказать, как\nгод за годом накапливалось в нем пресыщение всеми этими подлинниками;  как\nначало вызывать тошноту  всеобщее  безудержное  преклонение  перед  каждым\nстаринным кирпичом или бубенцом от конской сбруи?  Как  раздражали  вечные\nлаурянские самовосхваления - с высоких трибун и в интимном застолье: мы-де\nпоследние, истинные блюстители человеческого  естества,  стражи  нетленных\nценностей?..  Страшно  превращение  целой  планеты  в  музей,   декорацию,\nкладбище!', 43, 45, 3);
INSERT INTO `pages` (`id`, `chapter`, `data`, `prev_page`, `next_page`, `number`) VALUES
(45, 8, 'Ромул выдавил из себя лишь одну короткую фразу:\n   - Учитель, мне необходимо побывать на Земле.\n   Наставник братства, великий  философ  и  художник,  должен  был  понять\nмолодого   пилота.   Успокоить   мудрым,   терпеливым   словом,   доказать\nсправедливость уклада Лауры. Тогда Ромул еще не  ожесточился;  стоя  перед\nготическим  троном,  лихорадочно  ждал  сострадания,  прохладной  руки  на\nпылающий лоб. Ждал раскрытия каких-то светлых, человечных тайн,  несходных\nс назойливой повседневной пропагандой.\n   Но  Учитель   задышал   прерывисто   и   яростно:   побелели,   стиснув\nподлокотники, холеные пальцы, злобно сверкнул на них гранатовый пастырский\nперстень. Сотни лет не слыхано в братстве, да что там - во всей  планетной\nобщине подобного кощунства!  Он  вдохновенно  обличал.  Высоким  сварливым\nголосом  обрушивал  громы  на  прародину.  Самообновление,   бессмертие...\nНаконец, этот Переход! Отказ от тела, выстроенного эволюцией! Путь Земли -\nне  ошибка,  а  чудовищное  преступление.  Возгордившийся  вид.  Последний\nостровок подлинного, исконного человечества -  колония  на  Лауре,  а  так\nназываемые  земляне  -  только  искусственные  монстры,  без  морали,  без\nчувств...\n   Все те же общие места; стереотипы, жесткие,  как  ошейник.  Внезапно  в\nгруди Ромула сгустилась тошнота. Он отвернулся и не попрощавшись  пошел  к\nвыходу - высоченным костельным дверям с рельефами из священного писания...\n   - ...После всего того, что говорят  нам  об  отступниках-землянах  наши\nУчителя и книги, мне чрезвычайно сложно  было  бы  сразу  довериться  вам,\nВиола. Не  обессудьте,  но  даже  вы,  совершившие  Переход,  не  в  силах\nпредставить себе...\n   - Мы представляем, - кивнула Виола. - И очень, очень  вам  сочувствуем.\nНам горько, потому что мы ничем не можем помочь. Пока вы не позовете сами.\n   - Увы, сочувствие и жалость всесильных оскорбительны для столь  гордого\nсущества, как  лаурянин,  -  сказал  Ромул,  успокаиваясь,  поскольку  уже\nотчетливо представлял свое ближайшее будущее и не противился року. - Более\nоскорбительны, чем поражение в открытом поединке, пусть даже он закончился\nбы моей гибелью.\n   - Какой поединок? Какие оскорбления? О  чем  вы,  Ромул?  -  Она  опять\nсхватила его руки, изо всех сил сжала. -  Поймите  же,  поймите,  со  всей\nвашей гордостью - вы вернулись домой. В свой настоящий дом. На Землю.\n   Бережно и решительно он освободился от ее  пожатия,  отступил  на  шаг,\nцеремонно склонил голову.\n   - Изволите ошибаться. Мне нет места ни на Лауре, ни среди бестелесных и\nвсемогущих. И если вы воистину благородны и терпимы, вы не отнимете у меня\nправа поступить по своему усмотрению.\n   - Ромул, поверьте, мы остались такими, как были...  Только  перешли  на\nновую энергетическую основу, понимаете?\n   - К великому своему стыду, нет.\n   Виола  нетерпеливо  топнула   ногой.   Она   была   так   по-девчоночьи\nнепосредственна, что Ромул на мгновение перестал верить в ее геологический\nвозраст, в Переход - во все, кроме самой Виолы, которая мучится,  объясняя\nтупице-гуманитарию азы абсолютистской физики.\n   - Ах, это же так просто! Вымирают животные, разрушаются планеты, гаснут\nзвезды, но Вселенная в  целом  не  стареет,  она  все  время  развивается,\nрождает новые миры...  Понимаете?  Целым  правит  закон,  обратный  закону\nчасти. Мы овладели первичной созидающей силой, потребляем ее, как раньше -\nхимическую энергию пищи и воздуха, наши  нынешние  тела  -  модулированные\nучастки единого поля... Теперь мы сильнее, быстрее и  универсальнее  любых\nмашин. Но при этом остаемся мужчинами и женщинами, ибо природа развития  -\nв борьбе и слиянии двух начал. У нас разнообразные характеры, мы совершаем\nмассу  глупостей,  только...  Мы  свободны,  Ромул.  Переход  не  был   ни\nэкспериментом, ни чьей-то прихотью. Он закономерен, как утро  после  ночи,\nон не наступил внезапно. Сначала механические костыли для  стремящегося  к\nпокою,  смертного  белка:  регенераторы,  киборгизация.  Затем  регулярные\nобновления  клеток.  И   наконец,   превращение   тела   в   упорядоченное\nэнергетическое поле...\n   - Все это более или менее постижимо для  такого  дикаря,  как  я,  -  в\nсмиренной позе выслушав Виолу, тихо  проговорил  Ромул.  -  Но,  с  вашего\nмилостивого разрешения, я все же  поступлю  так,  как  мне  подскажут  мои\nпринципы.\n   - Извините, - так же тихо откликнулась Виола. - Мы обычно не  проникаем\nбез  разрешения  в  чужую  психику...  Я  прочла  кое-какие  ваши   мысли.\nЛюбопытство, каюсь. И знаете, что  я  вам  скажу?  Ваша  настоящая  любовь\nздесь. Нет, не я. Но я знаю ту, которую вы полюбите, а она вас.  Навсегда.\nНа миллиарды лет.\n   Ветер бросил черные пряди на лоб Виолы: янтарь сверкнул, словно  сквозь\nводоросли, - и все погасло. Момент  исчезновения  был  неуловим.  Лаурянин\nпоймал себя на том, что уже довольно  долго  стоит  и  рассматривает  вязь\nморщинистого ствола.', 44, NULL, 4);

--
-- Индексы сохранённых таблиц
--

--
-- Индексы таблицы `books`
--
ALTER TABLE `books`
  ADD PRIMARY KEY (`id`),
  ADD UNIQUE KEY `title` (`title`);

--
-- Индексы таблицы `chapter`
--
ALTER TABLE `chapter`
  ADD PRIMARY KEY (`id`),
  ADD KEY `book` (`book`);

--
-- Индексы таблицы `pages`
--
ALTER TABLE `pages`
  ADD PRIMARY KEY (`id`),
  ADD KEY `chapter` (`chapter`),
  ADD KEY `prev_page` (`prev_page`),
  ADD KEY `next_page` (`next_page`);

--
-- AUTO_INCREMENT для сохранённых таблиц
--

--
-- AUTO_INCREMENT для таблицы `books`
--
ALTER TABLE `books`
  MODIFY `id` int(10) UNSIGNED NOT NULL AUTO_INCREMENT, AUTO_INCREMENT=4;
--
-- AUTO_INCREMENT для таблицы `chapter`
--
ALTER TABLE `chapter`
  MODIFY `id` int(10) UNSIGNED NOT NULL AUTO_INCREMENT, AUTO_INCREMENT=10;
--
-- AUTO_INCREMENT для таблицы `pages`
--
ALTER TABLE `pages`
  MODIFY `id` int(10) UNSIGNED NOT NULL AUTO_INCREMENT, AUTO_INCREMENT=46;
--
-- Ограничения внешнего ключа сохраненных таблиц
--

--
-- Ограничения внешнего ключа таблицы `chapter`
--
ALTER TABLE `chapter`
  ADD CONSTRAINT `chapter_ibfk_1` FOREIGN KEY (`book`) REFERENCES `books` (`id`);

--
-- Ограничения внешнего ключа таблицы `pages`
--
ALTER TABLE `pages`
  ADD CONSTRAINT `pages_ibfk_1` FOREIGN KEY (`chapter`) REFERENCES `chapter` (`id`) ON DELETE CASCADE ON UPDATE CASCADE,
  ADD CONSTRAINT `pages_ibfk_2` FOREIGN KEY (`prev_page`) REFERENCES `pages` (`id`) ON DELETE CASCADE ON UPDATE CASCADE,
  ADD CONSTRAINT `pages_ibfk_3` FOREIGN KEY (`next_page`) REFERENCES `pages` (`id`) ON DELETE CASCADE ON UPDATE CASCADE;

/*!40101 SET CHARACTER_SET_CLIENT=@OLD_CHARACTER_SET_CLIENT */;
/*!40101 SET CHARACTER_SET_RESULTS=@OLD_CHARACTER_SET_RESULTS */;
/*!40101 SET COLLATION_CONNECTION=@OLD_COLLATION_CONNECTION */;
